タイトル,メモ,URL,タグ,コメント,リンク種別,URL内スラッグ,デコード名,place_id,検索文字列,緯度,経度,取得方法,place_id_上位,place_id_下位,取得対象キー,住所,電話番号,営業時間,カテゴリ,総合評価,レビュー数,取得方法_備考,推定_place_id,国際電話番号,営業時間_曜日,営業情報_備考,価格帯,営業状態,ウェブサイト,GoogleマップURL,緯度_detail,経度_detail,API取得ステータス,レビュー要約文
大田咖喱（おおたかりー）,"",https://www.google.com/maps/place/%E5%A4%A7%E7%94%B0%E5%92%96%E5%96%B1%EF%BC%88%E3%81%8A%E3%81%8A%E3%81%9F%E3%81%8B%E3%82%8A%E3%83%BC%EF%BC%89/data=!4m2!3m1!1s0x3546a756a2ed8ff1:0x597f3a7807d0fc68,昼食,ランチ利用に向く食事店。,place,%E5%A4%A7%E7%94%B0%E5%92%96%E5%96%B1%EF%BC%88%E3%81%8A%E3%81%8A%E3%81%9F%E3%81%8B%E3%82%8A%E3%83%BC%EF%BC%89,大田咖喱（おおたかりー）,0x3546a756a2ed8ff1:0x597f3a7807d0fc68,"","","",URLパスから抽出,0x3546a756a2ed8ff1,0x597f3a7807d0fc68,place_id,〒874-0932 大分県別府市野口中町７−２０,090-2223-1177,"",establishment / food / point_of_interest / restaurant,4.8,56,Google Maps URL 文字列ベースで分解のみ,ChIJ8Y_tolanRjURaPzQB3g6f1k,+81 90-2223-1177,月曜日: 定休日 | 火曜日: 11時00分～14時30分 | 水曜日: 11時00分～14時30分 | 木曜日: 定休日 | 金曜日: 11時00分～14時30分 | 土曜日: 11時00分～14時30分 | 日曜日: 定休日,open_now=False,"",OPERATIONAL,https://instagram.com/ota.curry/,https://maps.google.com/?cid=6448937478619462760,33.2824282,131.4970863,OK,スパイスの効きがきれいで、最後まで食欲が残る。 照明と音のバランスが取れていて、体感しやすい。 とくに、レビューが厚めで、行く前に条件を合わせやすい。 高評価帯で、見込みのズレが少なめ。
EEL.BISTRO,"",https://www.google.com/maps/place/EEL.BISTRO/data=!4m2!3m1!1s0x3546a7002e62016f:0xb43a43f24cb0641c,夕食 / お酒,夕食からお酒まで使いやすい店。,place,EEL.BISTRO,EEL.BISTRO,0x3546a7002e62016f:0xb43a43f24cb0641c,"","","",URLパスから抽出,0x3546a7002e62016f,0xb43a43f24cb0641c,place_id,〒874-0944 大分県別府市元町５−９ 西山ビル １F,"","",establishment / food / point_of_interest / restaurant,4,2,Google Maps URL 文字列ベースで分解のみ,ChIJbwFiLgCnRjURHGSwTPJDOrQ,"",月曜日: 定休日 | 火曜日: 18時00分～0時00分 | 水曜日: 18時00分～0時00分 | 木曜日: 18時00分～0時00分 | 金曜日: 18時00分～0時00分 | 土曜日: 18時00分～0時00分 | 日曜日: 18時00分～0時00分,open_now=False,"",OPERATIONAL,"",https://maps.google.com/?cid=12986767183424021532,33.2776204,131.5041315,OK,空間が落ち着いていて、長めに使っても疲れにくい。 くつろげる距離感の店内で、滞在しやすい。 回遊時は、口コミ数は少なめなので、訪問時の体験が判断の軸になる。 評価はそこそこで、使い方で体験の満足が変わる。
ニューバサラ ナチュラルワイン食堂,"",https://www.google.com/maps/place/%E3%83%8B%E3%83%A5%E3%83%BC%E3%83%90%E3%82%B5%E3%83%A9+%E3%83%8A%E3%83%81%E3%83%A5%E3%83%A9%E3%83%AB%E3%83%AF%E3%82%A4%E3%83%B3%E9%A3%9F%E5%A0%82/data=!4m2!3m1!1s0x3546a700066012c3:0x19833ef0719ddfa9,夕食 / お酒,夕食からお酒まで使いやすい店。,place,%E3%83%8B%E3%83%A5%E3%83%BC%E3%83%90%E3%82%B5%E3%83%A9+%E3%83%8A%E3%83%81%E3%83%A5%E3%83%A9%E3%83%AB%E3%83%AF%E3%82%A4%E3%83%B3%E9%A3%9F%E5%A0%82,ニューバサラ ナチュラルワイン食堂,0x3546a700066012c3:0x19833ef0719ddfa9,"","","",URLパスから抽出,0x3546a700066012c3,0x19833ef0719ddfa9,place_id,〒874-0920 大分県別府市北浜３丁目２−２ バサラハウス,070-2304-5195,"",establishment / food / point_of_interest / restaurant,4.8,12,Google Maps URL 文字列ベースで分解のみ,ChIJwxJgBgCnRjURqd-dcfA-gxk,+81 70-2304-5195,月曜日: 17時00分～22時00分 | 火曜日: 定休日 | 水曜日: 定休日 | 木曜日: 17時00分～22時00分 | 金曜日: 17時00分～22時00分 | 土曜日: 17時00分～22時00分 | 日曜日: 17時00分～22時00分,open_now=False,"",OPERATIONAL,https://www.instagram.com/basara_house_beppu/,https://maps.google.com/?cid=1838382275316539305,33.2818898,131.5030129,OK,辛味とスパイスのバランスがハイクオリティ。 照明と音のバランスが取れていて、体感しやすい。 利用イメージは、足しながら選べる、扱いやすいボリューム感。 総合評価は安定寄りで、期待値を合わせやすい。
コーヒースタンド ステアーズ,"",https://www.google.com/maps/place/%E3%82%B3%E3%83%BC%E3%83%92%E3%83%BC%E3%82%B9%E3%82%BF%E3%83%B3%E3%83%89+%E3%82%B9%E3%83%86%E3%82%A2%E3%83%BC%E3%82%BA/data=!4m2!3m1!1s0x3546a6c2c45a708f:0x94bde75a654eeee4,昼食 / 喫茶 / お買いもの,休憩やカフェ利用に向く店。,place,%E3%82%B3%E3%83%BC%E3%83%92%E3%83%BC%E3%82%B9%E3%82%BF%E3%83%B3%E3%83%89+%E3%82%B9%E3%83%86%E3%82%A2%E3%83%BC%E3%82%BA,コーヒースタンド ステアーズ,0x3546a6c2c45a708f:0x94bde75a654eeee4,"","","",URLパスから抽出,0x3546a6c2c45a708f,0x94bde75a654eeee4,place_id,〒874-0944 大分県別府市元町３−６,"","",cafe / establishment / food / point_of_interest / store,4.7,113,Google Maps URL 文字列ベースで分解のみ,ChIJj3BaxMKmRjUR5O5OZVrnvZQ,"",月曜日: 定休日 | 火曜日: 定休日 | 水曜日: 12時00分～18時00分 | 木曜日: 12時00分～18時00分 | 金曜日: 12時00分～18時00分 | 土曜日: 12時00分～18時00分 | 日曜日: 12時00分～17時00分,open_now=False,"",OPERATIONAL,https://www.facebook.com/Coffee-Stand-Stairs-1014496752001961/,https://maps.google.com/?cid=10717977063644393188,33.2777386,131.5029201,OK,空間が落ち着いていて、長めに使っても疲れにくい。 席の配置が落ち着いていて、食事のリズムが作りやすい。 実用面では、評価情報が十分で、候補比較に使いやすい。 総合評価は安定寄りで、期待値を合わせやすい。
Cafe 豆,"",https://www.google.com/maps/place/Cafe+%E8%B1%86/data=!4m2!3m1!1s0x3546a6ec3979c141:0xc976304d53ec472b,喫茶 / お買いもの,休憩やカフェ利用に向く店。,place,Cafe+%E8%B1%86,Cafe 豆,0x3546a6ec3979c141:0xc976304d53ec472b,"","","",URLパスから抽出,0x3546a6ec3979c141,0xc976304d53ec472b,place_id,〒874-0908 大分県別府市上田の湯町３−２２,090-2962-4856,"",cafe / establishment / food / point_of_interest / store,4.7,83,Google Maps URL 文字列ベースで分解のみ,ChIJQcF5OeymRjURK0fsU00wdsk,+81 90-2962-4856,"","",2,OPERATIONAL,https://www.instagram.com/cafemame_1208/,https://maps.google.com/?cid=14516843557553981227,33.2761434,131.4945887,OK,店内のテンションが安定していて、ゆっくり過ごせる。 導線が自然で、初めてでも動きに迷いにくい。 回遊時は、評価情報が十分で、候補比較に使いやすい。 評価の方向性が見えやすく、時間をかけて回しやすい。
"33°16'42.9""N 131°30'10.9""E","","https://www.google.com/maps/search/33.278592,131.503036",駐車場,移動時に使いやすい駐車スポット。,search,"","","","33.278592,131.503036",33.278592,131.503036,URLパスから抽出,"","",search(座標),〒874-0920 大分県別府市北浜１丁目２−２２,"","",establishment / parking / point_of_interest,4.8,4,Google Maps URL 文字列ベースで分解のみ,ChIJf9zUL92mRjURmqeTKhXrnFk,"",月曜日: 24 時間営業 | 火曜日: 24 時間営業 | 水曜日: 24 時間営業 | 木曜日: 24 時間営業 | 金曜日: 24 時間営業 | 土曜日: 24 時間営業 | 日曜日: 24 時間営業,open_now=True,"",OPERATIONAL,"",https://maps.google.com/?cid=6457294441883608986,33.2785636,131.5031602,OK,空間が落ち着いていて、長めに使っても疲れにくい。 導線が自然で、初めてでも動きに迷いにくい。 利用イメージは、口コミ数は少なめなので、訪問時の体験が判断の軸になる。 総合評価は安定寄りで、期待値を合わせやすい。
TANNEL,"",https://www.google.com/maps/place/TANNEL/data=!4m2!3m1!1s0x3546a753f704df2d:0x67ad58f3b8602cc9,お酒,夜に立ち寄りやすいお酒メインの店。,place,TANNEL,TANNEL,0x3546a753f704df2d:0x67ad58f3b8602cc9,"","","",URLパスから抽出,0x3546a753f704df2d,0x67ad58f3b8602cc9,place_id,〒874-0920 大分県別府市北浜１丁目１２−２,"","",bar / establishment / point_of_interest,4.8,37,Google Maps URL 文字列ベースで分解のみ,ChIJLd8E91OnRjURySxguPNYrWc,"",月曜日: 20時00分～0時00分 | 火曜日: 20時00分～0時00分 | 水曜日: 20時00分～0時00分 | 木曜日: 定休日 | 金曜日: 20時00分～0時00分 | 土曜日: 20時00分～0時00分 | 日曜日: 20時00分～0時00分,open_now=False,"",OPERATIONAL,https://www.instagram.com/tannel_beppu/,https://maps.google.com/?cid=7470725160671128777,33.278668,131.5054647,OK,店内のテンションが安定していて、ゆっくり過ごせる。 くつろげる距離感の店内で、滞在しやすい。 とくに、情報の重なりが多く、失敗しにくい選び方ができる。 高評価帯で、見込みのズレが少なめ。
the HELL,"",https://www.google.com/maps/place/the+HELL/data=!4m2!3m1!1s0x3546a77ba87adddf:0xdad46e26f36b3c7d,お酒,夜に立ち寄りやすいお酒メインの店。,place,the+HELL,the HELL,0x3546a77ba87adddf:0xdad46e26f36b3c7d,"","","",URLパスから抽出,0x3546a77ba87adddf,0xdad46e26f36b3c7d,place_id,〒874-0920 大分県別府市北浜１丁目１−１９ マキビル １階,"","",bar / establishment / point_of_interest,4.7,65,Google Maps URL 文字列ベースで分解のみ,ChIJ3916qHunRjURfTxr8yZu1No,"",月曜日: 20時00分～0時00分 | 火曜日: 20時00分～0時00分 | 水曜日: 20時00分～0時00分 | 木曜日: 定休日 | 金曜日: 20時00分～0時00分 | 土曜日: 20時00分～0時00分 | 日曜日: 20時00分～0時00分,open_now=False,"",OPERATIONAL,https://instagram.com/the_hell_beppu?utm_medium=copy_link,https://maps.google.com/?cid=15768349308902653053,33.278252,131.5033872,OK,座る場所が選びやすく、無理なく滞在を組み立てられる。 照明と音のバランスが取れていて、体感しやすい。 回遊時は、評価情報が十分で、候補比較に使いやすい。 高評価帯で、見込みのズレが少なめ。
ケーズキッチン,"",https://www.google.com/maps/place/%E3%82%B1%E3%83%BC%E3%82%BA%E3%82%AD%E3%83%83%E3%83%81%E3%83%B3/data=!4m2!3m1!1s0x3546a7b86e4b887d:0x863fef99a159f13d,お酒,夜に立ち寄りやすいお酒メインの店。,place,%E3%82%B1%E3%83%BC%E3%82%BA%E3%82%AD%E3%83%83%E3%83%81%E3%83%B3,ケーズキッチン,0x3546a7b86e4b887d:0x863fef99a159f13d,"","","",URLパスから抽出,0x3546a7b86e4b887d,0x863fef99a159f13d,place_id,〒874-0920 大分県別府市北浜１丁目９−１２ 横丁ビル 1階,"","",bar / establishment / point_of_interest,4.7,6,Google Maps URL 文字列ベースで分解のみ,ChIJfYhLbrinRjURPfFZoZnvP4Y,"",月曜日: 19時00分～4時00分 | 火曜日: 19時00分～4時00分 | 水曜日: 19時00分～4時00分 | 木曜日: 19時00分～4時00分 | 金曜日: 19時00分～4時00分 | 土曜日: 19時00分～4時00分 | 日曜日: 定休日,open_now=False,"",OPERATIONAL,"",https://maps.google.com/?cid=9673713967731175741,33.2790473,131.5052046,OK,座る場所が選びやすく、無理なく滞在を組み立てられる。 店内は騒がしすぎず、会話が自然に続きやすい。 実用面では、足しながら選べる、扱いやすいボリューム感。 高評価帯で、見込みのズレが少なめ。
色彩酒場ぺこぺこ,"",https://www.google.com/maps/place/%E8%89%B2%E5%BD%A9%E9%85%92%E5%A0%B4%E3%81%BA%E3%81%93%E3%81%BA%E3%81%93/data=!4m2!3m1!1s0x3546a7d13e3947fd:0xe5c2b3f4e0acfb95,昼食 / 夕食 / お酒,夕食からお酒まで使いやすい店。,place,%E8%89%B2%E5%BD%A9%E9%85%92%E5%A0%B4%E3%81%BA%E3%81%93%E3%81%BA%E3%81%93,色彩酒場ぺこぺこ,0x3546a7d13e3947fd:0xe5c2b3f4e0acfb95,"","","",URLパスから抽出,0x3546a7d13e3947fd,0xe5c2b3f4e0acfb95,place_id,〒874-0944 大分県別府市元町３−３,"","",establishment / food / point_of_interest / restaurant,4.4,5,Google Maps URL 文字列ベースで分解のみ,ChIJ_Uc5PtGnRjURlfus4PSzwuU,"",月曜日: 24 時間営業 | 火曜日: 24 時間営業 | 水曜日: 24 時間営業 | 木曜日: 24 時間営業 | 金曜日: 24 時間営業 | 土曜日: 24 時間営業 | 日曜日: 24 時間営業,open_now=True,"",OPERATIONAL,https://www.instagram.com/abesayuripecoprco?igsh=dzlrb3BoYTFydHY=,https://maps.google.com/?cid=16555993044490189717,33.2776306,131.5034373,OK,空間が落ち着いていて、長めに使っても疲れにくい。 席の配置が落ち着いていて、食事のリズムが作りやすい。 実用面では、口コミ投稿数が少なめで、実際に確かめる価値が高い。 良し悪しはあるが、条件を合わせると刺さりやすい。
コーラルリーフ（ＣｏｒａｌＲｅｅｆ）,"",https://www.google.com/maps/place/%E3%82%B3%E3%83%BC%E3%83%A9%E3%83%AB%E3%83%AA%E3%83%BC%E3%83%95%EF%BC%88%EF%BC%A3%EF%BD%8F%EF%BD%92%EF%BD%81%EF%BD%8C%EF%BC%B2%EF%BD%85%EF%BD%85%EF%BD%86%EF%BC%89/data=!4m2!3m1!1s0x3546a6c2a8d693c7:0x6fece54c6e8dfe65,お酒,夜に立ち寄りやすいお酒メインの店。,place,%E3%82%B3%E3%83%BC%E3%83%A9%E3%83%AB%E3%83%AA%E3%83%BC%E3%83%95%EF%BC%88%EF%BC%A3%EF%BD%8F%EF%BD%92%EF%BD%81%EF%BD%8C%EF%BC%B2%EF%BD%85%EF%BD%85%EF%BD%86%EF%BC%89,コーラルリーフ（ＣｏｒａｌＲｅｅｆ）,0x3546a6c2a8d693c7:0x6fece54c6e8dfe65,"","","",URLパスから抽出,0x3546a6c2a8d693c7,0x6fece54c6e8dfe65,place_id,〒874-0935 大分県別府市駅前町９−９,0977-21-7007,"",bar / establishment / point_of_interest,4.6,19,Google Maps URL 文字列ベースで分解のみ,ChIJx5PWqMKmRjURZf6Nbkzl7G8,+81 977-21-7007,月曜日: 21時00分～4時00分 | 火曜日: 21時00分～4時00分 | 水曜日: 21時00分～4時00分 | 木曜日: 21時00分～4時00分 | 金曜日: 21時00分～4時00分 | 土曜日: 21時00分～4時00分 | 日曜日: 21時00分～4時00分,open_now=False,"",OPERATIONAL,https://www.facebook.com/%E3%82%B3%E3%83%BC%E3%83%A9%E3%83%AB%E3%83%AA%E3%83%BC%E3%83%95-Coral-Reef-412309172172380/,https://maps.google.com/?cid=8065073149148790373,33.2784858,131.5017578,OK,辛さの強さと旨みが上手く接続していて、食べやすい。 照明と音のバランスが取れていて、体感しやすい。 とくに、ほどほどの情報量で、当日に向けた判断がやりやすい。 高評価帯で、見込みのズレが少なめ。
春うらら,"",https://www.google.com/maps/place/%E6%98%A5%E3%81%86%E3%82%89%E3%82%89/data=!4m2!3m1!1s0x3546a6dcb72b6c19:0x9275507503b13a9c,夕食 / お酒,夕食からお酒まで使いやすい店。,place,%E6%98%A5%E3%81%86%E3%82%89%E3%82%89,春うらら,0x3546a6dcb72b6c19:0x9275507503b13a9c,"","","",URLパスから抽出,0x3546a6dcb72b6c19,0x9275507503b13a9c,place_id,〒874-0944 大分県別府市元町１０−１０−１５,0977-24-7087,"",establishment / food / point_of_interest / restaurant,4.4,67,Google Maps URL 文字列ベースで分解のみ,ChIJGWwrt9ymRjURnDqxA3VQdZI,+81 977-24-7087,月曜日: 18時30分～0時00分 | 火曜日: 定休日 | 水曜日: 18時30分～0時00分 | 木曜日: 18時30分～0時00分 | 金曜日: 18時30分～0時00分 | 土曜日: 18時30分～0時00分 | 日曜日: 18時30分～0時00分,open_now=False,"",OPERATIONAL,"",https://maps.google.com/?cid=10553429765315967644,33.2778237,131.5053304,OK,座る場所が選びやすく、無理なく滞在を組み立てられる。 照明と音のバランスが取れていて、体感しやすい。 とくに、情報の重なりが多く、失敗しにくい選び方ができる。 評価はそこそこで、使い方で体験の満足が変わる。
肴鶏魚 Miiima,"",https://www.google.com/maps/place/%E8%82%B4%E9%B6%8F%E9%AD%9A+Miiima/data=!4m2!3m1!1s0x3546a75070037181:0xcdd212739506f2b,夕食 / お酒,夕食からお酒まで使いやすい店。,place,%E8%82%B4%E9%B6%8F%E9%AD%9A+Miiima,肴鶏魚 Miiima,0x3546a75070037181:0xcdd212739506f2b,"","","",URLパスから抽出,0x3546a75070037181,0xcdd212739506f2b,place_id,〒874-0935 大分県別府市駅前町９−８,"","",establishment / food / point_of_interest / restaurant,4.8,79,Google Maps URL 文字列ベースで分解のみ,ChIJgXEDcFCnRjURK29QOSch3Qw,"",月曜日: 18時00分～22時00分 | 火曜日: 18時00分～22時00分 | 水曜日: 18時00分～22時00分 | 木曜日: 18時00分～22時00分 | 金曜日: 17時30分～22時00分 | 土曜日: 17時30分～22時00分 | 日曜日: 定休日,open_now=False,"",OPERATIONAL,https://www.instagram.com/miiima_h/,https://maps.google.com/?cid=926933550657204011,33.2783926,131.5014295,OK,店内のテンションが安定していて、ゆっくり過ごせる。 席の配置が落ち着いていて、食事のリズムが作りやすい。 利用イメージは、評価情報が十分で、候補比較に使いやすい。 総合評価は安定寄りで、期待値を合わせやすい。
黒木,"",https://www.google.com/maps/place/%E9%BB%92%E6%9C%A8/data=!4m2!3m1!1s0x35441d878ed749b7:0xc7630113d4c4465e,昼食 / 夕食,昼夜どちらも使いやすい食事店。,place,%E9%BB%92%E6%9C%A8,黒木,0x35441d878ed749b7:0xc7630113d4c4465e,"","","",URLパスから抽出,0x35441d878ed749b7,0xc7630113d4c4465e,place_id,〒874-0014 大分県別府市亀川浜田町３４−１,0977-66-5359,"",establishment / food / point_of_interest / restaurant,4.2,117,Google Maps URL 文字列ベースで分解のみ,ChIJt0nXjocdRDURXkbE1BMBY8c,+81 977-66-5359,"月曜日: 定休日 | 火曜日: 11時30分～13時30分, 17時30分～21時00分 | 水曜日: 11時30分～13時30分, 17時30分～21時00分 | 木曜日: 11時30分～13時30分, 17時30分～21時00分 | 金曜日: 11時30分～13時30分, 17時30分～21時00分 | 土曜日: 11時30分～13時30分, 17時30分～21時00分 | 日曜日: 定休日",open_now=False,"",OPERATIONAL,"",https://maps.google.com/?cid=14367328420927653470,33.3306776,131.4895681,OK,店内のテンションが安定していて、ゆっくり過ごせる。 照明と音のバランスが取れていて、体感しやすい。 実用面では、評価情報が十分で、候補比較に使いやすい。 評価はそこそこで、使い方で体験の満足が変わる。
浮羽,"",https://www.google.com/maps/place/%E6%B5%AE%E7%BE%BD/data=!4m2!3m1!1s0x3546a6c3298dea19:0xc030e3ffcb587a25,散歩,街歩きの途中に組み込みやすいスポット。,place,%E6%B5%AE%E7%BE%BD,浮羽,0x3546a6c3298dea19:0xc030e3ffcb587a25,"","","",URLパスから抽出,0x3546a6c3298dea19,0xc030e3ffcb587a25,place_id,福岡県うきは市,"","",locality / political,"","",Google Maps URL 文字列ベースで分解のみ,ChIJV42HvatyQTURjVwznoDN4SM,"","","","","","",https://maps.google.com/?cid=2585573613381049485,33.3474487,130.7550034,OK,座る場所が選びやすく、無理なく滞在を組み立てられる。 導線が自然で、初めてでも動きに迷いにくい。 利用イメージは、母数が薄めだから、足を運んで確かめるのが一番シンプル。 意見の分かれ目があるタイプなので、当日確認が大事。
bamboo bamboo,"",https://www.google.com/maps/place/bamboo+bamboo/data=!4m2!3m1!1s0x3546a6c2ec711bd5:0xcc5c5c0c472fe3f6,散歩,街歩きの途中に組み込みやすいスポット。,place,bamboo+bamboo,bamboo bamboo,0x3546a6c2ec711bd5:0xcc5c5c0c472fe3f6,"","","",URLパスから抽出,0x3546a6c2ec711bd5,0xcc5c5c0c472fe3f6,place_id,〒874-0936 大分県別府市中央町１−３０,0977-22-5610,"",establishment / point_of_interest,2.5,36,Google Maps URL 文字列ベースで分解のみ,ChIJ1Rtx7MKmRjUR9uMvRwxcXMw,+81 977-22-5610,月曜日: 10時00分～17時00分 | 火曜日: 定休日 | 水曜日: 定休日 | 木曜日: 10時00分～17時00分 | 金曜日: 10時00分～17時00分 | 土曜日: 10時00分～17時00分 | 日曜日: 10時00分～17時00分,open_now=True,"",OPERATIONAL,https://www.facebook.com/bamboobamboo2015,https://maps.google.com/?cid=14725746089398363126,33.2770393,131.5027558,OK,空間が落ち着いていて、長めに使っても疲れにくい。 導線が自然で、初めてでも動きに迷いにくい。 店選びとしては、レビューが厚めで、行く前に条件を合わせやすい。 評価は一枚岩ではないので、好みの合う日を選ぶのが先決。
SELECT BEPPU,"",https://www.google.com/maps/place/SELECT+BEPPU/data=!4m2!3m1!1s0x3546a6c2ea53426d:0x3790344d08285059,お買いもの,買い物で立ち寄りやすいスポット。,place,SELECT+BEPPU,SELECT BEPPU,0x3546a6c2ea53426d:0x3790344d08285059,"","","",URLパスから抽出,0x3546a6c2ea53426d,0x3790344d08285059,place_id,〒874-0936 大分県別府市中央町９−３４,0977-80-7226,"",establishment / home_goods_store / point_of_interest / store,4.4,61,Google Maps URL 文字列ベースで分解のみ,ChIJbUJT6sKmRjURWVAoCE00kDc,+81 977-80-7226,月曜日: 10時00分～17時00分 | 火曜日: 定休日 | 水曜日: 定休日 | 木曜日: 11時00分～17時00分 | 金曜日: 11時00分～17時00分 | 土曜日: 11時00分～17時00分 | 日曜日: 10時00分～17時00分,open_now=True,"",OPERATIONAL,https://www.selectbeppu.com/,https://maps.google.com/?cid=4003757574186356825,33.2772279,131.5027109,OK,店内のテンションが安定していて、ゆっくり過ごせる。 くつろげる距離感の店内で、滞在しやすい。 実用面では、レビューが厚めで、行く前に条件を合わせやすい。 良し悪しはあるが、条件を合わせると刺さりやすい。
SPICA,"",https://www.google.com/maps/place/SPICA/data=!4m2!3m1!1s0x3546a6c193e73215:0xdf6d1fdbf2af7539,お買いもの,買い物で立ち寄りやすいスポット。,place,SPICA,SPICA,0x3546a6c193e73215:0xdf6d1fdbf2af7539,"","","",URLパスから抽出,0x3546a6c193e73215,0xdf6d1fdbf2af7539,place_id,〒874-0939 大分県別府市立田町１−３４,090-9476-0656,"",establishment / home_goods_store / point_of_interest / store,4.2,154,Google Maps URL 文字列ベースで分解のみ,ChIJFTLnk8GmRjUROXWv8tsfbd8,+81 90-9476-0656,月曜日: 11時00分～17時00分 | 火曜日: 11時00分～17時00分 | 水曜日: 定休日 | 木曜日: 11時00分～17時00分 | 金曜日: 11時00分～17時00分 | 土曜日: 10時00分～17時00分 | 日曜日: 10時00分～17時00分,open_now=True,"",OPERATIONAL,https://spica-beppu.com/,https://maps.google.com/?cid=16099559272449275193,33.273052,131.5028211,OK,座る場所が選びやすく、無理なく滞在を組み立てられる。 くつろげる距離感の店内で、滞在しやすい。 利用イメージは、評価情報が十分で、候補比較に使いやすい。 評価はそこそこで、使い方で体験の満足が変わる。
puno（プノ）,"",https://www.google.com/maps/place/puno%EF%BC%88%E3%83%97%E3%83%8E%EF%BC%89/data=!4m2!3m1!1s0x3546a7e05577b75f:0xf76bd6b6fd7d0c5f,昼食 / お買いもの,買い物で立ち寄りやすいスポット。,place,puno%EF%BC%88%E3%83%97%E3%83%8E%EF%BC%89,puno（プノ）,0x3546a7e05577b75f:0xf76bd6b6fd7d0c5f,"","","",URLパスから抽出,0x3546a7e05577b75f,0xf76bd6b6fd7d0c5f,place_id,〒874-0939 大分県別府市立田町５−３６,"","",establishment / food / point_of_interest / store,5,2,Google Maps URL 文字列ベースで分解のみ,ChIJX7d3VeCnRjURXwx9_bbWa_c,"",月曜日: 定休日 | 火曜日: 定休日 | 水曜日: 定休日 | 木曜日: 定休日 | 金曜日: 定休日 | 土曜日: 10時00分～17時00分 | 日曜日: 10時00分～17時00分,open_now=False,"",OPERATIONAL,https://www.instagram.com/puno.beppu/,https://maps.google.com/?cid=17828579631301463135,33.2729867,131.5018706,OK,空間が落ち着いていて、長めに使っても疲れにくい。 店内は騒がしすぎず、会話が自然に続きやすい。 店選びとしては、母数が薄めだから、足を運んで確かめるのが一番シンプル。 評価の方向性が見えやすく、時間をかけて回しやすい。
鮨乃家,"",https://www.google.com/maps/place/%E9%AE%A8%E4%B9%83%E5%AE%B6/data=!4m2!3m1!1s0x3546a6dcb688b4df:0x4981d81ccefb851f,夕食 / お酒,夕食からお酒まで使いやすい店。,place,%E9%AE%A8%E4%B9%83%E5%AE%B6,鮨乃家,0x3546a6dcb688b4df:0x4981d81ccefb851f,"","","",URLパスから抽出,0x3546a6dcb688b4df,0x4981d81ccefb851f,place_id,〒874-0944 大分県別府市元町５−１１,0977-27-5885,"",establishment / food / point_of_interest / restaurant,4.4,97,Google Maps URL 文字列ベースで分解のみ,ChIJ37SIttymRjURH4X7zhzYgUk,+81 977-27-5885,月曜日: 18時00分～22時00分 | 火曜日: 18時00分～22時00分 | 水曜日: 18時00分～22時00分 | 木曜日: 18時00分～22時00分 | 金曜日: 18時00分～22時00分 | 土曜日: 18時00分～22時00分 | 日曜日: 定休日,open_now=False,"",OPERATIONAL,"",https://maps.google.com/?cid=5296752255007687967,33.2775701,131.5042575,OK,座る場所が選びやすく、無理なく滞在を組み立てられる。 照明と音のバランスが取れていて、体感しやすい。 店選びとしては、レビューが厚めで、行く前に条件を合わせやすい。 評価はそこそこで、使い方で体験の満足が変わる。
Pure Wine Bar Enfer,"",https://www.google.com/maps/place/Pure+Wine+Bar+Enfer/data=!4m2!3m1!1s0x3546a6c3537a5555:0xe695f2a18b1cd81c,夕食 / お酒,夕食からお酒まで使いやすい店。,place,Pure+Wine+Bar+Enfer,Pure Wine Bar Enfer,0x3546a6c3537a5555:0xe695f2a18b1cd81c,"","","",URLパスから抽出,0x3546a6c3537a5555,0xe695f2a18b1cd81c,place_id,〒874-0944 大分県別府市元町１５−５,090-8404-5989,"",bar / establishment / food / point_of_interest,4.5,50,Google Maps URL 文字列ベースで分解のみ,ChIJVVV6U8OmRjURHNgci6HyleY,+81 90-8404-5989,月曜日: 19時00分～0時00分 | 火曜日: 19時00分～0時00分 | 水曜日: 19時00分～0時00分 | 木曜日: 19時00分～0時00分 | 金曜日: 19時00分～0時00分 | 土曜日: 19時00分～0時00分 | 日曜日: 19時00分～0時00分,open_now=False,"",OPERATIONAL,"",https://maps.google.com/?cid=16615453175890892828,33.2771245,131.5059369,OK,座る場所が選びやすく、無理なく滞在を組み立てられる。 導線が自然で、初めてでも動きに迷いにくい。 利用イメージは、評価情報が十分で、候補比較に使いやすい。 良し悪しはあるが、条件を合わせると刺さりやすい。
火鍋にしだ/Hotpot Nishida,"",https://www.google.com/maps/place/%E7%81%AB%E9%8D%8B%E3%81%AB%E3%81%97%E3%81%A0%2FHotpot+Nishida/data=!4m2!3m1!1s0x3546a735d4c9062f:0xd8dcd854761c2528,夕食 / お酒,夕食からお酒まで使いやすい店。,place,%E7%81%AB%E9%8D%8B%E3%81%AB%E3%81%97%E3%81%A0%2FHotpot+Nishida,火鍋にしだ/Hotpot Nishida,0x3546a735d4c9062f:0xd8dcd854761c2528,"","","",URLパスから抽出,0x3546a735d4c9062f,0xd8dcd854761c2528,place_id,〒874-0920 大分県別府市北浜１丁目４−２９,0977-77-1587,"",establishment / food / meal_takeaway / point_of_interest / restaurant,4.6,103,Google Maps URL 文字列ベースで分解のみ,ChIJLwbJ1DWnRjURKCUcdlTY3Ng,+81 977-77-1587,月曜日: 定休日 | 火曜日: 18時00分～23時00分 | 水曜日: 18時00分～23時00分 | 木曜日: 18時00分～23時00分 | 金曜日: 18時00分～23時00分 | 土曜日: 18時00分～23時00分 | 日曜日: 定休日,open_now=False,"",OPERATIONAL,https://hinabeppu.official.ec/,https://maps.google.com/?cid=15626602664339186984,33.2779449,131.5042763,OK,辛さの強さと旨みが上手く接続していて、食べやすい。 くつろげる距離感の店内で、滞在しやすい。 実用面では、レビューが厚めで、行く前に条件を合わせやすい。 評価の方向性が見えやすく、時間をかけて回しやすい。
食堂トンボ,"",https://www.google.com/maps/place/%E9%A3%9F%E5%A0%82%E3%83%88%E3%83%B3%E3%83%9C/data=!4m2!3m1!1s0x3546a7bdc70248f7:0x69e085c824932fd3,夕食 / お酒,夕食からお酒まで使いやすい店。,place,%E9%A3%9F%E5%A0%82%E3%83%88%E3%83%B3%E3%83%9C,食堂トンボ,0x3546a7bdc70248f7:0x69e085c824932fd3,"","","",URLパスから抽出,0x3546a7bdc70248f7,0x69e085c824932fd3,place_id,〒874-0944 大分県別府市元町４−１９,"","",establishment / food / point_of_interest / restaurant,4.7,21,Google Maps URL 文字列ベースで分解のみ,ChIJ90gCx72nRjUR0y-TJMiF4Gk,"",月曜日: 17時00分～23時00分 | 火曜日: 17時00分～23時00分 | 水曜日: 定休日 | 木曜日: 定休日 | 金曜日: 17時00分～23時00分 | 土曜日: 17時00分～23時00分 | 日曜日: 17時00分～23時00分,open_now=False,"",OPERATIONAL,https://www.instagram.com/shokudo_tombo?igsh=bXNlbHhzbXIxMzl4,https://maps.google.com/?cid=7629244863419199443,33.2777676,131.5041051,OK,空間が落ち着いていて、長めに使っても疲れにくい。 導線が自然で、初めてでも動きに迷いにくい。 実用面では、投稿の母数は中くらいで、感想は参考になりやすい。 高評価帯で、見込みのズレが少なめ。
BEPPU HOSTEL ＆ CAFE Ourschestra.［ウルスケストラ］,"",https://www.google.com/maps/place/BEPPU+HOSTEL+%EF%BC%86+CAFE+Ourschestra.%EF%BC%BB%E3%82%A6%E3%83%AB%E3%82%B9%E3%82%B1%E3%82%B9%E3%83%88%E3%83%A9%EF%BC%BD/data=!4m2!3m1!1s0x3546a7c3f26145f5:0xae158e39b59f53fb,昼食 / 夕食 / お酒 / 喫茶,夕食からお酒まで使いやすい店。,place,BEPPU+HOSTEL+%EF%BC%86+CAFE+Ourschestra.%EF%BC%BB%E3%82%A6%E3%83%AB%E3%82%B9%E3%82%B1%E3%82%B9%E3%83%88%E3%83%A9%EF%BC%BD,BEPPU HOSTEL ＆ CAFE Ourschestra.［ウルスケストラ］,0x3546a7c3f26145f5:0xae158e39b59f53fb,"","","",URLパスから抽出,0x3546a7c3f26145f5,0xae158e39b59f53fb,place_id,〒874-0920 大分県別府市北浜１丁目６−１１,0977-80-1250,"",cafe / establishment / food / lodging / point_of_interest / restaurant,4.1,72,Google Maps URL 文字列ベースで分解のみ,ChIJ9UVh8sOnRjUR-1OftTmOFa4,+81 977-80-1250,月曜日: 15時00分～22時00分 | 火曜日: 15時00分～22時00分 | 水曜日: 15時00分～22時00分 | 木曜日: 15時00分～22時00分 | 金曜日: 11時30分～22時00分 | 土曜日: 11時30分～22時00分 | 日曜日: 11時30分～22時00分,open_now=True,"",OPERATIONAL,https://instagram.com/ourschestra_beppu?utm_medium=copy_link,https://maps.google.com/?cid=12544088715621782523,33.278153,131.5054389,OK,座る場所が選びやすく、無理なく滞在を組み立てられる。 導線が自然で、初めてでも動きに迷いにくい。 実用面では、評価情報が十分で、候補比較に使いやすい。 高低差があるので、行く目的を決めると当たりやすい。
タキート,"",https://www.google.com/maps/place/%E3%82%BF%E3%82%AD%E3%83%BC%E3%83%88/data=!4m2!3m1!1s0x3546a7a4494578ad:0x17f5773b540a5222,夕食 / お酒,夕食からお酒まで使いやすい店。,place,%E3%82%BF%E3%82%AD%E3%83%BC%E3%83%88,タキート,0x3546a7a4494578ad:0x17f5773b540a5222,"","","",URLパスから抽出,0x3546a7a4494578ad,0x17f5773b540a5222,place_id,〒874-0920 大分県別府市北浜２丁目７−３１,0977-76-5359,"",bar / establishment / food / point_of_interest / restaurant,4.6,57,Google Maps URL 文字列ベースで分解のみ,ChIJrXhFSaSnRjURIlIKVDt39Rc,+81 977-76-5359,月曜日: 定休日 | 火曜日: 18時00分～0時00分 | 水曜日: 18時00分～0時00分 | 木曜日: 18時00分～0時00分 | 金曜日: 18時00分～0時00分 | 土曜日: 18時00分～2時00分 | 日曜日: 18時00分～22時00分,open_now=False,"",OPERATIONAL,https://www.instagram.com/takito_beppu/,https://maps.google.com/?cid=1726417128863191586,33.2798988,131.5046948,OK,スパイスの効きがきれいで、最後まで食欲が残る。 席の配置が落ち着いていて、食事のリズムが作りやすい。 利用イメージは、評価情報が十分で、候補比較に使いやすい。 評価の方向性が見えやすく、時間をかけて回しやすい。
BESAME MUCHO(ベサメムーチョ),"",https://www.google.com/maps/place/BESAME+MUCHO(%E3%83%99%E3%82%B5%E3%83%A1%E3%83%A0%E3%83%BC%E3%83%81%E3%83%A7)/data=!4m2!3m1!1s0x3546a783c2fd14bb:0x1a4eb7f8c996dbf7,昼食 / 夕食 / お酒 / 喫茶 / お買いもの,夕食からお酒まで使いやすい店。,place,BESAME+MUCHO(%E3%83%99%E3%82%B5%E3%83%A1%E3%83%A0%E3%83%BC%E3%83%81%E3%83%A7),BESAME MUCHO(ベサメムーチョ),0x3546a783c2fd14bb:0x1a4eb7f8c996dbf7,"","","",URLパスから抽出,0x3546a783c2fd14bb,0x1a4eb7f8c996dbf7,place_id,〒874-0934 大分県別府市駅前本町９−７ 1A,080-8130-9684,"",bar / cafe / establishment / food / point_of_interest / restaurant / store,5,24,Google Maps URL 文字列ベースで分解のみ,ChIJuxT9woOnRjUR99uWyfi3Tho,+81 80-8130-9684,月曜日: 10時00分～22時00分 | 火曜日: 10時00分～22時00分 | 水曜日: 10時00分～22時00分 | 木曜日: 定休日 | 金曜日: 12時00分～23時30分 | 土曜日: 10時00分～23時30分 | 日曜日: 10時00分～22時30分,open_now=True,"",OPERATIONAL,"",https://maps.google.com/?cid=1895654772331437047,33.2812022,131.5017035,OK,座る場所が選びやすく、無理なく滞在を組み立てられる。 照明と音のバランスが取れていて、体感しやすい。 店選びとしては、足しながら選べる、扱いやすいボリューム感。 高評価帯で、見込みのズレが少なめ。
Beppu Sake Stand 巡,"",https://www.google.com/maps/place/Beppu+Sake+Stand+%E5%B7%A1/data=!4m2!3m1!1s0x3546a7af401d528d:0xe7506ffc5369e6b7,昼食 / 夕食 / お酒 / お買いもの,夕食からお酒まで使いやすい店。,place,Beppu+Sake+Stand+%E5%B7%A1,Beppu Sake Stand 巡,0x3546a7af401d528d:0xe7506ffc5369e6b7,"","","",URLパスから抽出,0x3546a7af401d528d,0xe7506ffc5369e6b7,place_id,〒874-0920 大分県別府市北浜１丁目１−１,080-9291-6714,"",bar / establishment / food / liquor_store / point_of_interest / restaurant / store,4.3,215,Google Maps URL 文字列ベースで分解のみ,ChIJjVIdQK-nRjURt-ZpU_xvUOc,+81 80-9291-6714,月曜日: 12時00分～20時00分 | 火曜日: 12時00分～20時00分 | 水曜日: 定休日 | 木曜日: 12時00分～20時00分 | 金曜日: 12時00分～20時00分 | 土曜日: 12時00分～20時00分 | 日曜日: 12時00分～20時00分,open_now=True,2,OPERATIONAL,https://www.instagram.com/beppusakestand.jun/,https://maps.google.com/?cid=16667945350420096695,33.2778156,131.5027795,OK,空間が落ち着いていて、長めに使っても疲れにくい。 くつろげる距離感の店内で、滞在しやすい。 店選びとしては、評価情報が十分で、候補比較に使いやすい。 良し悪しはあるが、条件を合わせると刺さりやすい。
NOODLE FACTORY LIFE,"",https://www.google.com/maps/place/NOODLE+FACTORY+LIFE/data=!4m2!3m1!1s0x3546a71fb0c1de37:0x76d3229a44b51256,昼食 / 夕食 / お酒,夕食からお酒まで使いやすい店。,place,NOODLE+FACTORY+LIFE,NOODLE FACTORY LIFE,0x3546a71fb0c1de37:0x76d3229a44b51256,"","","",URLパスから抽出,0x3546a71fb0c1de37,0x76d3229a44b51256,place_id,〒874-0944 大分県別府市元町５−８,0977-51-4054,"",establishment / food / point_of_interest / restaurant,4,605,Google Maps URL 文字列ベースで分解のみ,ChIJN97BsB-nRjURVhK1RJoi03Y,+81 977-51-4054,"月曜日: 定休日 | 火曜日: 19時00分～0時30分 | 水曜日: 11時30分～13時30分, 19時00分～0時30分 | 木曜日: 11時30分～13時30分, 19時00分～0時30分 | 金曜日: 11時30分～13時30分, 19時00分～0時30分 | 土曜日: 11時30分～13時30分, 19時00分～0時30分 | 日曜日: 11時30分～13時30分, 19時00分～0時30分",open_now=False,2,OPERATIONAL,https://www.instagram.com/noodlefactory.life,https://maps.google.com/?cid=8562225362534470230,33.2775997,131.5039761,OK,空間が落ち着いていて、長めに使っても疲れにくい。 店内は騒がしすぎず、会話が自然に続きやすい。 とくに、レビューが厚めで、行く前に条件を合わせやすい。 良し悪しはあるが、条件を合わせると刺さりやすい。
友永パン屋,"",https://www.google.com/maps/place/%E5%8F%8B%E6%B0%B8%E3%83%91%E3%83%B3%E5%B1%8B/data=!4m2!3m1!1s0x3546a6c3b67a8ff7:0x3feb11a15c177bc1,昼食 / 朝食 / お買いもの,買い物で立ち寄りやすいスポット。,place,%E5%8F%8B%E6%B0%B8%E3%83%91%E3%83%B3%E5%B1%8B,友永パン屋,0x3546a6c3b67a8ff7:0x3feb11a15c177bc1,"","","",URLパスから抽出,0x3546a6c3b67a8ff7,0x3feb11a15c177bc1,place_id,〒874-0942 大分県別府市千代町２−２９,0977-23-0969,"",bakery / establishment / food / point_of_interest / store,4.4,2314,Google Maps URL 文字列ベースで分解のみ,ChIJ9496tsOmRjURwXsXXKER6z8,+81 977-23-0969,月曜日: 8時30分～18時00分 | 火曜日: 8時30分～18時00分 | 水曜日: 8時30分～18時00分 | 木曜日: 8時30分～18時00分 | 金曜日: 8時30分～18時00分 | 土曜日: 8時30分～18時00分 | 日曜日: 定休日,open_now=True,1,OPERATIONAL,https://www.instagram.com/tomonaga_panya/,https://maps.google.com/?cid=4605794428648913857,33.2745879,131.504148,OK,座る場所が選びやすく、無理なく滞在を組み立てられる。 店内は騒がしすぎず、会話が自然に続きやすい。 店選びとしては、レビューが厚めで、行く前に条件を合わせやすい。 高低差があるので、行く目的を決めると当たりやすい。
TANE,"",https://www.google.com/maps/place/TANE/data=!4m2!3m1!1s0x3546a7fbb5dd7b97:0x713a40481008014e,昼食,ランチ利用に向く食事店。,place,TANE,TANE,0x3546a7fbb5dd7b97:0x713a40481008014e,"","","",URLパスから抽出,0x3546a7fbb5dd7b97,0x713a40481008014e,place_id,〒874-0934 大分県別府市駅前本町１０−２,080-3950-3457,"",establishment / food / point_of_interest / restaurant,4.6,197,Google Maps URL 文字列ベースで分解のみ,ChIJl3vdtfunRjURTgEIEEhAOnE,+81 80-3950-3457,月曜日: 定休日 | 火曜日: 定休日 | 水曜日: 11時30分～16時00分 | 木曜日: 11時30分～16時00分 | 金曜日: 11時30分～16時00分 | 土曜日: 11時30分～16時00分 | 日曜日: 11時30分～16時00分,open_now=False,2,OPERATIONAL,https://www.facebook.com/TANEspice/,https://maps.google.com/?cid=8158904353185857870,33.2818041,131.5017263,OK,辛味とスパイスのバランスがハイクオリティ。 席の配置が落ち着いていて、食事のリズムが作りやすい。 店選びとしては、情報の重なりが多く、失敗しにくい選び方ができる。 総合評価は安定寄りで、期待値を合わせやすい。
TUMUGU COFFEE STAND,"",https://www.google.com/maps/place/TUMUGU+COFFEE+STAND/data=!4m2!3m1!1s0x3546a715b1417e19:0x442a703f8f6a7828,昼食 / 朝食 / 喫茶 / お買いもの,朝から使える喫茶寄りの店。,place,TUMUGU+COFFEE+STAND,TUMUGU COFFEE STAND,0x3546a715b1417e19:0x442a703f8f6a7828,"","","",URLパスから抽出,0x3546a715b1417e19,0x442a703f8f6a7828,place_id,〒874-0909 大分県別府市駅前本町９−２０ オフィスHOOD,070-2029-0585,"",cafe / establishment / food / point_of_interest / restaurant / store,4.9,115,Google Maps URL 文字列ベースで分解のみ,ChIJGX5BsRWnRjURKHhqjz9wKkQ,+81 70-2029-0585,月曜日: 定休日 | 火曜日: 定休日 | 水曜日: 7時30分～18時00分 | 木曜日: 定休日 | 金曜日: 定休日 | 土曜日: 7時30分～18時00分 | 日曜日: 7時30分～18時00分,open_now=False,"",OPERATIONAL,https://www.instagram.com/tumugu_coffee_stand?igsh=YWIycDNvYzN2NmV4&utm_source=qr,https://maps.google.com/?cid=4911861761892317224,33.28163,131.5013474,OK,空間が落ち着いていて、長めに使っても疲れにくい。 席の配置が落ち着いていて、食事のリズムが作りやすい。 とくに、情報の重なりが多く、失敗しにくい選び方ができる。 評価の方向性が見えやすく、時間をかけて回しやすい。
Othello Specialty Coffee Roaster,"",https://www.google.com/maps/place/Othello+Specialty+Coffee+Roaster/data=!4m2!3m1!1s0x3546a6c3770ccfa9:0xe796729a4c6eec54,昼食 / 喫茶 / お買いもの,休憩やカフェ利用に向く店。,place,Othello+Specialty+Coffee+Roaster,Othello Specialty Coffee Roaster,0x3546a6c3770ccfa9:0xe796729a4c6eec54,"","","",URLパスから抽出,0x3546a6c3770ccfa9,0xe796729a4c6eec54,place_id,〒874-0943 大分県別府市楠町１３−１,0977-88-2359,"",establishment / food / point_of_interest / store,4.4,89,Google Maps URL 文字列ベースで分解のみ,ChIJqc8Md8OmRjURVOxuTJpyluc,+81 977-88-2359,月曜日: 11時00分～17時00分 | 火曜日: 定休日 | 水曜日: 11時00分～17時00分 | 木曜日: 11時00分～17時00分 | 金曜日: 定休日 | 土曜日: 11時00分～17時00分 | 日曜日: 11時00分～17時00分,open_now=True,"",OPERATIONAL,https://www.facebook.com/othellospcr/timeline?ref=page_internal,https://maps.google.com/?cid=16687651476300819540,33.275235,131.5055737,OK,空間が落ち着いていて、長めに使っても疲れにくい。 導線が自然で、初めてでも動きに迷いにくい。 実用面では、評価情報が十分で、候補比較に使いやすい。 良し悪しはあるが、条件を合わせると刺さりやすい。
TACO NARGO（タコ・ナーゴ）,"",https://www.google.com/maps/place/TACO+NARGO%EF%BC%88%E3%82%BF%E3%82%B3%E3%83%BB%E3%83%8A%E3%83%BC%E3%82%B4%EF%BC%89/data=!4m2!3m1!1s0x3546a7004f0946f1:0xc3601b2d2d2f8568,昼食 / 夕食 / お酒,夕食からお酒まで使いやすい店。,place,TACO+NARGO%EF%BC%88%E3%82%BF%E3%82%B3%E3%83%BB%E3%83%8A%E3%83%BC%E3%82%B4%EF%BC%89,TACO NARGO（タコ・ナーゴ）,0x3546a7004f0946f1:0xc3601b2d2d2f8568,"","","",URLパスから抽出,0x3546a7004f0946f1,0xc3601b2d2d2f8568,place_id,〒874-0920 大分県別府市北浜２丁目４−３,0977-80-1891,"",establishment / food / point_of_interest / restaurant,4.6,54,Google Maps URL 文字列ベースで分解のみ,ChIJ8UYJTwCnRjURaIUvLS0bYMM,+81 977-80-1891,"月曜日: 11時30分～14時30分, 18時00分～22時30分 | 火曜日: 11時30分～14時30分, 18時00分～22時30分 | 水曜日: 11時30分～14時30分, 18時00分～22時30分 | 木曜日: 定休日 | 金曜日: 11時30分～14時30分, 18時00分～22時30分 | 土曜日: 11時30分～14時30分, 17時00分～22時30分 | 日曜日: 11時30分～14時30分, 17時00分～21時30分",open_now=False,"",OPERATIONAL,https://www.instagram.com/taconargo.beppu,https://maps.google.com/?cid=14078282316005737832,33.2807853,131.5031032,OK,空間が落ち着いていて、長めに使っても疲れにくい。 くつろげる距離感の店内で、滞在しやすい。 店選びとしては、評価情報が十分で、候補比較に使いやすい。 総合評価は安定寄りで、期待値を合わせやすい。
Bistro le jiu 慈雨,"",https://www.google.com/maps/place/Bistro+le+jiu+%E6%85%88%E9%9B%A8/data=!4m2!3m1!1s0x3546a73dcb7a496f:0x40115b6efb65ccd6,昼食 / 夕食 / お酒,夕食からお酒まで使いやすい店。,place,Bistro+le+jiu+%E6%85%88%E9%9B%A8,Bistro le jiu 慈雨,0x3546a73dcb7a496f:0x40115b6efb65ccd6,"","","",URLパスから抽出,0x3546a73dcb7a496f,0x40115b6efb65ccd6,place_id,〒874-0920 大分県別府市北浜１丁目４−２２,050-6876-7025,"",establishment / food / point_of_interest / restaurant,4.7,64,Google Maps URL 文字列ベースで分解のみ,ChIJb0l6yz2nRjUR1sxl-25bEUA,+81 50-6876-7025,"月曜日: 11時30分～14時00分, 17時00分～23時00分 | 火曜日: 定休日 | 水曜日: 11時30分～14時00分, 17時00分～23時00分 | 木曜日: 11時30分～14時00分, 17時00分～23時00分 | 金曜日: 11時30分～14時00分, 17時00分～23時00分 | 土曜日: 11時30分～14時00分, 17時00分～23時00分 | 日曜日: 11時30分～14時00分, 17時00分～23時00分",open_now=False,"",OPERATIONAL,https://instagram.com/le.jiu_beppu?utm_medium=copy_link,https://maps.google.com/?cid=4616571625253752022,33.2782942,131.5045543,OK,空間が落ち着いていて、長めに使っても疲れにくい。 導線が自然で、初めてでも動きに迷いにくい。 とくに、レビューが厚めで、行く前に条件を合わせやすい。 評価の方向性が見えやすく、時間をかけて回しやすい。
喫茶 なつめ,"",https://www.google.com/maps/place/%E5%96%AB%E8%8C%B6+%E3%81%AA%E3%81%A4%E3%82%81/data=!4m2!3m1!1s0x3546a6dcce5cab49:0xfb6e7be41879411e,昼食 / 喫茶 / お買いもの,休憩やカフェ利用に向く店。,place,%E5%96%AB%E8%8C%B6+%E3%81%AA%E3%81%A4%E3%82%81,喫茶 なつめ,0x3546a6dcce5cab49:0xfb6e7be41879411e,"","","",URLパスから抽出,0x3546a6dcce5cab49,0xfb6e7be41879411e,place_id,〒874-0920 大分県別府市北浜１丁目４−２３,0977-21-5713,"",cafe / establishment / food / point_of_interest / store,4.3,248,Google Maps URL 文字列ベースで分解のみ,ChIJSatcztymRjURHkF5GOR7bvs,+81 977-21-5713,月曜日: 11時30分～15時30分 | 火曜日: 11時30分～15時30分 | 水曜日: 定休日 | 木曜日: 11時30分～15時30分 | 金曜日: 11時30分～15時30分 | 土曜日: 11時30分～15時30分 | 日曜日: 11時30分～15時30分,open_now=False,2,OPERATIONAL,"",https://maps.google.com/?cid=18117554570551443742,33.2781919,131.5045206,OK,辛味とスパイスのバランスがハイクオリティ。 導線が自然で、初めてでも動きに迷いにくい。 利用イメージは、評価情報が十分で、候補比較に使いやすい。 良し悪しはあるが、条件を合わせると刺さりやすい。
夢の途中,"",https://www.google.com/maps/place/%E5%A4%A2%E3%81%AE%E9%80%94%E4%B8%AD/data=!4m2!3m1!1s0x3546a76345f1f0ab:0xca95a02b6af6d079,昼食 / 夕食,昼夜どちらも使いやすい食事店。,place,%E5%A4%A2%E3%81%AE%E9%80%94%E4%B8%AD,夢の途中,0x3546a76345f1f0ab:0xca95a02b6af6d079,"","","",URLパスから抽出,0x3546a76345f1f0ab,0xca95a02b6af6d079,place_id,〒874-0919 大分県別府市石垣東１０丁目２−４６,"","",establishment / food / point_of_interest / restaurant,3.8,364,Google Maps URL 文字列ベースで分解のみ,ChIJq_DxRWOnRjURedD2aiuglco,"","月曜日: 定休日 | 火曜日: 11時00分～14時00分, 17時30分～21時00分 | 水曜日: 11時00分～14時00分, 17時30分～21時00分 | 木曜日: 11時00分～14時00分, 17時30分～21時00分 | 金曜日: 11時00分～14時00分, 17時30分～21時00分 | 土曜日: 11時00分～14時00分, 17時30分～21時00分 | 日曜日: 11時00分～14時00分, 17時30分～21時00分",open_now=False,2,OPERATIONAL,https://twitter.com/YumeWoKatareBep,https://maps.google.com/?cid=14597749875529928825,33.3040122,131.4986912,OK,空間が落ち着いていて、長めに使っても疲れにくい。 席の配置が落ち着いていて、食事のリズムが作りやすい。 利用イメージは、評価情報が十分で、候補比較に使いやすい。 評価は一枚岩ではないので、好みの合う日を選ぶのが先決。
パキスタンカレー,"",https://www.google.com/maps/place/%E3%83%91%E3%82%AD%E3%82%B9%E3%82%BF%E3%83%B3%E3%82%AB%E3%83%AC%E3%83%BC/data=!4m2!3m1!1s0x3546a73e077995fd:0x16a1e2466d58658e,昼食 / 夕食,昼夜どちらも使いやすい食事店。,place,%E3%83%91%E3%82%AD%E3%82%B9%E3%82%BF%E3%83%B3%E3%82%AB%E3%83%AC%E3%83%BC,パキスタンカレー,0x3546a73e077995fd:0x16a1e2466d58658e,"","","",URLパスから抽出,0x3546a73e077995fd,0x16a1e2466d58658e,place_id,〒874-0922 大分県別府市船小路町３−２２,0977-22-7700,"",establishment / food / meal_takeaway / point_of_interest / restaurant,4.3,163,Google Maps URL 文字列ベースで分解のみ,ChIJ_ZV5Bz6nRjURjmVYbUbioRY,+81 977-22-7700,月曜日: 11時00分～21時30分 | 火曜日: 11時00分～21時30分 | 水曜日: 11時00分～21時30分 | 木曜日: 11時00分～21時30分 | 金曜日: 11時00分～21時30分 | 土曜日: 11時00分～21時30分 | 日曜日: 11時00分～21時30分,open_now=True,1,OPERATIONAL,https://tabelog.com/oita/A4402/A440202/44012174/?utm_source=GBP&utm_medium=GBP&utm_term=GBP&utm_content=GBP&utm_campaign=GBP,https://maps.google.com/?cid=1630833332194928014,33.3022505,131.5017284,OK,辛さの強さと旨みが上手く接続していて、食べやすい。 店内は騒がしすぎず、会話が自然に続きやすい。 店選びとしては、評価情報が十分で、候補比較に使いやすい。 良し悪しはあるが、条件を合わせると刺さりやすい。
中華蕎麦 はせ川,"",https://www.google.com/maps/place/%E4%B8%AD%E8%8F%AF%E8%95%8E%E9%BA%A6+%E3%81%AF%E3%81%9B%E5%B7%9D/data=!4m2!3m1!1s0x3546a792dc875327:0x953b6b032e2f57f3,昼食 / 夕食,昼夜どちらも使いやすい食事店。,place,%E4%B8%AD%E8%8F%AF%E8%95%8E%E9%BA%A6+%E3%81%AF%E3%81%9B%E5%B7%9D,中華蕎麦 はせ川,0x3546a792dc875327:0x953b6b032e2f57f3,"","","",URLパスから抽出,0x3546a792dc875327,0x953b6b032e2f57f3,place_id,〒874-0934 大分県別府市駅前本町６−１１,"","",establishment / food / point_of_interest / restaurant,3.9,164,Google Maps URL 文字列ベースで分解のみ,ChIJJ1OH3JKnRjUR81cvLgNrO5U,"","月曜日: 11時30分～14時00分, 18時00分～20時00分 | 火曜日: 11時30分～14時00分, 18時00分～20時00分 | 水曜日: 11時30分～14時00分, 18時00分～20時00分 | 木曜日: 11時30分～14時00分, 18時00分～20時00分 | 金曜日: 11時30分～14時00分, 18時00分～20時00分 | 土曜日: 11時30分～14時00分, 18時00分～20時00分 | 日曜日: 11時30分～14時00分, 18時00分～20時00分",open_now=False,"",OPERATIONAL,https://www.instagram.com/hasegawa.beppu/,https://maps.google.com/?cid=10753306196681119731,33.2807938,131.5020692,OK,空間が落ち着いていて、長めに使っても疲れにくい。 照明と音のバランスが取れていて、体感しやすい。 利用イメージは、情報の重なりが多く、失敗しにくい選び方ができる。 意見の分かれ目があるタイプなので、当日確認が大事。
tsuchiumu / ツチウム,"",https://www.google.com/maps/place/tsuchiumu+%2F+%E3%83%84%E3%83%81%E3%82%A6%E3%83%A0/data=!4m2!3m1!1s0x3546a7f71a7e8015:0xb4622b4a8fab55fd,昼食 / 夕食 / お酒 / 喫茶,夕食からお酒まで使いやすい店。,place,tsuchiumu+%2F+%E3%83%84%E3%83%81%E3%82%A6%E3%83%A0,tsuchiumu / ツチウム,0x3546a7f71a7e8015:0xb4622b4a8fab55fd,"","","",URLパスから抽出,0x3546a7f71a7e8015,0xb4622b4a8fab55fd,place_id,〒874-0920 大分県別府市北浜１丁目１０−１ 銀座土産品センタービル 1F,"","",bar / cafe / establishment / food / point_of_interest,4.8,15,Google Maps URL 文字列ベースで分解のみ,ChIJFYB-GvenRjUR_VWrj0orYrQ,"","月曜日: 8時30分～14時00分, 19時00分～0時00分 | 火曜日: 8時30分～14時00分, 19時00分～0時00分 | 水曜日: 8時30分～14時00分, 19時00分～0時00分 | 木曜日: 19時00分～0時00分 | 金曜日: 8時30分～14時00分, 19時00分～0時00分 | 土曜日: 8時30分～14時00分, 19時00分～0時00分 | 日曜日: 8時30分～14時00分, 19時00分～0時00分",open_now=False,"",OPERATIONAL,https://www.instagram.com/tsuchiumu_beppu/,https://maps.google.com/?cid=12997999073782617597,33.27892990000001,131.5045397,OK,店内のテンションが安定していて、ゆっくり過ごせる。 店内は騒がしすぎず、会話が自然に続きやすい。 利用イメージは、ほどほどの情報量で、当日に向けた判断がやりやすい。 評価の方向性が見えやすく、時間をかけて回しやすい。
Beppu Spirits Bar LAMP,"",https://www.google.com/maps/place/Beppu+Spirits+Bar+LAMP/data=!4m2!3m1!1s0x3546a784c3815449:0x7e9e68d4dd00a27c,お酒,夜に立ち寄りやすいお酒メインの店。,place,Beppu+Spirits+Bar+LAMP,Beppu Spirits Bar LAMP,0x3546a784c3815449:0x7e9e68d4dd00a27c,"","","",URLパスから抽出,0x3546a784c3815449,0x7e9e68d4dd00a27c,place_id,〒874-0920 大分県別府市北浜１丁目１０−９,080-2554-6382,"",bar / establishment / point_of_interest,4.9,31,Google Maps URL 文字列ベースで分解のみ,ChIJSVSBw4SnRjURfKIA3dRonn4,+81 80-2554-6382,月曜日: 19時00分～0時00分 | 火曜日: 19時00分～0時00分 | 水曜日: 定休日 | 木曜日: 19時00分～0時00分 | 金曜日: 19時00分～0時00分 | 土曜日: 19時00分～0時00分 | 日曜日: 19時00分～0時00分,open_now=False,"",OPERATIONAL,https://www.instagram.com/beppuspiritsbar.lamp/,https://maps.google.com/?cid=9123845158549365372,33.27925520000001,131.5048043,OK,座る場所が選びやすく、無理なく滞在を組み立てられる。 店内は騒がしすぎず、会話が自然に続きやすい。 とくに、評価情報が十分で、候補比較に使いやすい。 評価の方向性が見えやすく、時間をかけて回しやすい。
